{
  "len": 23,
  "seq": [
    {
      "time": 0,
      "type": "Preset",
      "idx": 3,
      "suids": [
        1
      ]
    },
    {
      "time": 2,
      "type": "Preset",
      "idx": 4,
      "suids": [
        1
      ]
    },
    {
      "time": 4,
      "type": "Preset",
      "idx": 3,
      "suids": [
        7
      ]
    },
    {
      "time": 6,
      "type": "Preset",
      "idx": 4,
      "suids": [
        7
      ]
    },
    {
      "time": 8,
      "type": "Preset",
      "idx": 3,
      "suids": [
        4,
        5,
        6
      ]
    },
    {
      "time": 9,
      "type": "Preset",
      "idx": 3,
      "suids": [
        2,
        3
      ]
    },
    {
      "time": 10,
      "type": "Preset",
      "idx": 4,
      "suids": [
        4,
        5,
        6
      ]
    },
    {
      "time": 11,
      "type": "Preset",
      "idx": 4,
      "suids": [
        2,
        3
      ]
    },
    {
      "time": 13,
      "type": "Preset",
      "idx": 3,
      "suids": [
        9,
        12,
        13
      ]
    },
    {
      "time": 14,
      "type": "Preset",
      "idx": 3,
      "suids": [
        10,
        11
      ]
    },
    {
      "time": 15,
      "type": "Preset",
      "idx": 4,
      "suids": [
        10,
        11
      ]
    },
    {
      "time": 16,
      "type": "Preset",
      "idx": 4,
      "suids": [
        9,
        12,
        13
      ]
    },
    {
      "time": 17,
      "type": "Preset",
      "idx": 3,
      "suids": [
        9,
        10,
        11,
        12,
        13
      ]
    },
    {
      "time": 18,
      "type": "Preset",
      "idx": 4,
      "suids": [
        9,
        10,
        11,
        12,
        13
      ]
    },
    {
      "time": 19,
      "type": "Preset",
      "idx": 3,
      "suids": [
        9,
        10,
        11,
        12,
        13
      ]
    },
    {
      "time": 20,
      "type": "Preset",
      "idx": 4,
      "suids": [
        9,
        10,
        11,
        12,
        13
      ]
    }
  ]
}