{
  "children": [
    {
      "children": [
        {
          "children": [
            {
              "valueString": "dark",
              "children": [
                {
                  "valueBoolean": true,
                  "className": "RadioItemNode",
                  "path": "options/themes/preset/dark",
                  "type": "TRANSIENT"
                },
                {
                  "valueBoolean": false,
                  "className": "RadioItemNode",
                  "path": "options/themes/preset/light",
                  "type": "TRANSIENT"
                },
                {
                  "valueBoolean": false,
                  "className": "RadioItemNode",
                  "path": "options/themes/preset/pink",
                  "type": "TRANSIENT"
                },
                {
                  "valueBoolean": false,
                  "className": "RadioItemNode",
                  "path": "options/themes/preset/blue",
                  "type": "TRANSIENT"
                },
                {
                  "valueBoolean": false,
                  "className": "RadioItemNode",
                  "path": "options/themes/preset/custom",
                  "type": "TRANSIENT"
                }
              ],
              "className": "RadioFolderNode",
              "path": "options/themes/preset",
              "type": "FOLDER"
            },
            {
              "hexString": "FFFFFFFF",
              "children": [
                {
                  "className": "ColorPreviewNode",
                  "path": "options/themes/focus foreground/preview",
                  "type": "TRANSIENT"
                },
                {
                  "valueFloat": 0.0,
                  "valueFloatPrecision": 0.01,
                  "className": "HueNode",
                  "path": "options/themes/focus foreground/hue",
                  "type": "VALUE"
                },
                {
                  "valueFloat": 0.0,
                  "valueFloatPrecision": 0.01,
                  "className": "SaturationNode",
                  "path": "options/themes/focus foreground/sat",
                  "type": "VALUE"
                },
                {
                  "valueFloat": 1.0,
                  "valueFloatPrecision": 0.01,
                  "className": "BrightnessNode",
                  "path": "options/themes/focus foreground/br",
                  "type": "VALUE"
                },
                {
                  "valueFloat": 1.0,
                  "valueFloatPrecision": 0.01,
                  "className": "AlphaNode",
                  "path": "options/themes/focus foreground/alpha",
                  "type": "VALUE"
                },
                {
                  "className": "ColorPickerHexNode",
                  "path": "options/themes/focus foreground/hex",
                  "type": "VALUE"
                }
              ],
              "className": "ColorPickerFolderNode",
              "path": "options/themes/focus foreground",
              "type": "FOLDER"
            },
            {
              "hexString": "FF2F2F2F",
              "children": [
                {
                  "className": "ColorPreviewNode",
                  "path": "options/themes/focus background/preview",
                  "type": "TRANSIENT"
                },
                {
                  "valueFloat": 0.0,
                  "valueFloatPrecision": 0.01,
                  "className": "HueNode",
                  "path": "options/themes/focus background/hue",
                  "type": "VALUE"
                },
                {
                  "valueFloat": 0.0,
                  "valueFloatPrecision": 0.01,
                  "className": "SaturationNode",
                  "path": "options/themes/focus background/sat",
                  "type": "VALUE"
                },
                {
                  "valueFloat": 0.18431372940540314,
                  "valueFloatPrecision": 0.01,
                  "className": "BrightnessNode",
                  "path": "options/themes/focus background/br",
                  "type": "VALUE"
                },
                {
                  "valueFloat": 1.0,
                  "valueFloatPrecision": 0.01,
                  "className": "AlphaNode",
                  "path": "options/themes/focus background/alpha",
                  "type": "VALUE"
                },
                {
                  "className": "ColorPickerHexNode",
                  "path": "options/themes/focus background/hex",
                  "type": "VALUE"
                }
              ],
              "className": "ColorPickerFolderNode",
              "path": "options/themes/focus background",
              "type": "FOLDER"
            },
            {
              "hexString": "FFB0B0B0",
              "children": [
                {
                  "className": "ColorPreviewNode",
                  "path": "options/themes/normal foreground/preview",
                  "type": "TRANSIENT"
                },
                {
                  "valueFloat": 0.0,
                  "valueFloatPrecision": 0.01,
                  "className": "HueNode",
                  "path": "options/themes/normal foreground/hue",
                  "type": "VALUE"
                },
                {
                  "valueFloat": 0.0,
                  "valueFloatPrecision": 0.01,
                  "className": "SaturationNode",
                  "path": "options/themes/normal foreground/sat",
                  "type": "VALUE"
                },
                {
                  "valueFloat": 0.6901960968971252,
                  "valueFloatPrecision": 0.01,
                  "className": "BrightnessNode",
                  "path": "options/themes/normal foreground/br",
                  "type": "VALUE"
                },
                {
                  "valueFloat": 1.0,
                  "valueFloatPrecision": 0.01,
                  "className": "AlphaNode",
                  "path": "options/themes/normal foreground/alpha",
                  "type": "VALUE"
                },
                {
                  "className": "ColorPickerHexNode",
                  "path": "options/themes/normal foreground/hex",
                  "type": "VALUE"
                }
              ],
              "className": "ColorPickerFolderNode",
              "path": "options/themes/normal foreground",
              "type": "FOLDER"
            },
            {
              "hexString": "FF0B0B0B",
              "children": [
                {
                  "className": "ColorPreviewNode",
                  "path": "options/themes/normal background/preview",
                  "type": "TRANSIENT"
                },
                {
                  "valueFloat": 0.0,
                  "valueFloatPrecision": 0.01,
                  "className": "HueNode",
                  "path": "options/themes/normal background/hue",
                  "type": "VALUE"
                },
                {
                  "valueFloat": 0.0,
                  "valueFloatPrecision": 0.01,
                  "className": "SaturationNode",
                  "path": "options/themes/normal background/sat",
                  "type": "VALUE"
                },
                {
                  "valueFloat": 0.04313725605607033,
                  "valueFloatPrecision": 0.01,
                  "className": "BrightnessNode",
                  "path": "options/themes/normal background/br",
                  "type": "VALUE"
                },
                {
                  "valueFloat": 1.0,
                  "valueFloatPrecision": 0.01,
                  "className": "AlphaNode",
                  "path": "options/themes/normal background/alpha",
                  "type": "VALUE"
                },
                {
                  "className": "ColorPickerHexNode",
                  "path": "options/themes/normal background/hex",
                  "type": "VALUE"
                }
              ],
              "className": "ColorPickerFolderNode",
              "path": "options/themes/normal background",
              "type": "FOLDER"
            },
            {
              "hexString": "FF787878",
              "children": [
                {
                  "className": "ColorPreviewNode",
                  "path": "options/themes/window border/preview",
                  "type": "TRANSIENT"
                },
                {
                  "valueFloat": 0.0,
                  "valueFloatPrecision": 0.01,
                  "className": "HueNode",
                  "path": "options/themes/window border/hue",
                  "type": "VALUE"
                },
                {
                  "valueFloat": 0.0,
                  "valueFloatPrecision": 0.01,
                  "className": "SaturationNode",
                  "path": "options/themes/window border/sat",
                  "type": "VALUE"
                },
                {
                  "valueFloat": 0.47058823704719543,
                  "valueFloatPrecision": 0.01,
                  "className": "BrightnessNode",
                  "path": "options/themes/window border/br",
                  "type": "VALUE"
                },
                {
                  "valueFloat": 1.0,
                  "valueFloatPrecision": 0.01,
                  "className": "AlphaNode",
                  "path": "options/themes/window border/alpha",
                  "type": "VALUE"
                },
                {
                  "className": "ColorPickerHexNode",
                  "path": "options/themes/window border/hex",
                  "type": "VALUE"
                }
              ],
              "className": "ColorPickerFolderNode",
              "path": "options/themes/window border",
              "type": "FOLDER"
            }
          ],
          "className": "FolderNode",
          "path": "options/themes",
          "type": "FOLDER"
        },
        {
          "children": [
            {
              "valueFloat": 22.0,
              "valueFloatPrecision": 1.0,
              "className": "SliderIntNode",
              "path": "options/windows/cell size",
              "type": "VALUE"
            },
            {
              "valueBoolean": false,
              "className": "ToggleNode",
              "path": "options/windows/show path tooltips",
              "type": "VALUE"
            },
            {
              "valueBoolean": true,
              "className": "ToggleNode",
              "path": "options/windows/keep in bounds",
              "type": "VALUE"
            },
            {
              "valueBoolean": true,
              "className": "ToggleNode",
              "path": "options/windows/autosuggest width",
              "type": "VALUE"
            },
            {
              "valueBoolean": false,
              "className": "ToggleNode",
              "path": "options/windows/click closes window",
              "type": "VALUE"
            },
            {
              "children": [
                {
                  "valueBoolean": true,
                  "className": "ToggleNode",
                  "path": "options/windows/resize/allow resize",
                  "type": "VALUE"
                },
                {
                  "valueBoolean": true,
                  "className": "ToggleNode",
                  "path": "options/windows/resize/show handle",
                  "type": "VALUE"
                },
                {
                  "valueFloat": 4.0,
                  "valueFloatPrecision": 1.0,
                  "className": "SliderNode",
                  "path": "options/windows/resize/handle width",
                  "type": "VALUE"
                }
              ],
              "className": "FolderNode",
              "path": "options/windows/resize",
              "type": "FOLDER"
            },
            {
              "children": [
                {
                  "valueBoolean": false,
                  "className": "ToggleNode",
                  "path": "options/windows/separators/show",
                  "type": "VALUE"
                },
                {
                  "valueFloat": 0.5,
                  "valueFloatPrecision": 0.1,
                  "className": "SliderNode",
                  "path": "options/windows/separators/weight",
                  "type": "VALUE"
                }
              ],
              "className": "FolderNode",
              "path": "options/windows/separators",
              "type": "FOLDER"
            }
          ],
          "className": "FolderNode",
          "path": "options/windows",
          "type": "FOLDER"
        },
        {
          "children": [
            {
              "stringValue": "JetBrainsMono-Regular.ttf",
              "className": "TextNode",
              "path": "options/font/main font",
              "type": "VALUE"
            },
            {
              "stringValue": "JetBrainsMono-Regular.ttf",
              "className": "TextNode",
              "path": "options/font/side font",
              "type": "VALUE"
            },
            {
              "valueFloat": 16.0,
              "valueFloatPrecision": 1.0,
              "className": "SliderIntNode",
              "path": "options/font/main font size",
              "type": "VALUE"
            },
            {
              "valueFloat": 15.0,
              "valueFloatPrecision": 1.0,
              "className": "SliderIntNode",
              "path": "options/font/side font size",
              "type": "VALUE"
            },
            {
              "valueFloat": 5.0,
              "valueFloatPrecision": 1.0,
              "className": "SliderNode",
              "path": "options/font/x offset",
              "type": "VALUE"
            },
            {
              "valueFloat": 13.0,
              "valueFloatPrecision": 1.0,
              "className": "SliderNode",
              "path": "options/font/y offset",
              "type": "VALUE"
            },
            {
              "className": "ButtonNode",
              "path": "options/font/print font list",
              "type": "TRANSIENT"
            }
          ],
          "className": "FolderNode",
          "path": "options/font",
          "type": "FOLDER"
        },
        {
          "children": [
            {
              "valueBoolean": true,
              "className": "ToggleNode",
              "path": "options/grid/snap to grid",
              "type": "VALUE"
            },
            {
              "valueString": "on drag",
              "children": [
                {
                  "valueBoolean": false,
                  "className": "RadioItemNode",
                  "path": "options/grid/show grid/always",
                  "type": "TRANSIENT"
                },
                {
                  "valueBoolean": true,
                  "className": "RadioItemNode",
                  "path": "options/grid/show grid/on drag",
                  "type": "TRANSIENT"
                },
                {
                  "valueBoolean": false,
                  "className": "RadioItemNode",
                  "path": "options/grid/show grid/never",
                  "type": "TRANSIENT"
                }
              ],
              "className": "RadioFolderNode",
              "path": "options/grid/show grid",
              "type": "FOLDER"
            },
            {
              "valueFloat": 100.0,
              "valueFloatPrecision": 1.0,
              "className": "SliderNode",
              "path": "options/grid/drag range",
              "type": "VALUE"
            },
            {
              "hexString": "FF7F7F7F",
              "children": [
                {
                  "className": "ColorPreviewNode",
                  "path": "options/grid/point color/preview",
                  "type": "TRANSIENT"
                },
                {
                  "valueFloat": 0.0,
                  "valueFloatPrecision": 0.01,
                  "className": "HueNode",
                  "path": "options/grid/point color/hue",
                  "type": "VALUE"
                },
                {
                  "valueFloat": 0.0,
                  "valueFloatPrecision": 0.01,
                  "className": "SaturationNode",
                  "path": "options/grid/point color/sat",
                  "type": "VALUE"
                },
                {
                  "valueFloat": 0.49803921580314636,
                  "valueFloatPrecision": 0.01,
                  "className": "BrightnessNode",
                  "path": "options/grid/point color/br",
                  "type": "VALUE"
                },
                {
                  "valueFloat": 1.0,
                  "valueFloatPrecision": 0.01,
                  "className": "AlphaNode",
                  "path": "options/grid/point color/alpha",
                  "type": "VALUE"
                },
                {
                  "className": "ColorPickerHexNode",
                  "path": "options/grid/point color/hex",
                  "type": "VALUE"
                }
              ],
              "className": "ColorPickerFolderNode",
              "path": "options/grid/point color",
              "type": "FOLDER"
            },
            {
              "valueFloat": 3.0,
              "valueFloatPrecision": 1.0,
              "className": "SliderNode",
              "path": "options/grid/point size",
              "type": "VALUE"
            },
            {
              "valueBoolean": true,
              "className": "ToggleNode",
              "path": "options/grid/points centered",
              "type": "VALUE"
            }
          ],
          "className": "FolderNode",
          "path": "options/grid",
          "type": "FOLDER"
        },
        {
          "children": [
            {
              "valueString": "on hover",
              "children": [
                {
                  "valueBoolean": false,
                  "className": "RadioItemNode",
                  "path": "options/context lines/visibility/never",
                  "type": "TRANSIENT"
                },
                {
                  "valueBoolean": true,
                  "className": "RadioItemNode",
                  "path": "options/context lines/visibility/on hover",
                  "type": "TRANSIENT"
                },
                {
                  "valueBoolean": false,
                  "className": "RadioItemNode",
                  "path": "options/context lines/visibility/always",
                  "type": "TRANSIENT"
                }
              ],
              "className": "RadioFolderNode",
              "path": "options/context lines/visibility",
              "type": "FOLDER"
            },
            {
              "valueBoolean": false,
              "className": "ToggleNode",
              "path": "options/context lines/shortest line",
              "type": "VALUE"
            },
            {
              "hexString": "FF7F7F7F",
              "children": [
                {
                  "className": "ColorPreviewNode",
                  "path": "options/context lines/color/preview",
                  "type": "TRANSIENT"
                },
                {
                  "valueFloat": 0.0,
                  "valueFloatPrecision": 0.01,
                  "className": "HueNode",
                  "path": "options/context lines/color/hue",
                  "type": "VALUE"
                },
                {
                  "valueFloat": 0.0,
                  "valueFloatPrecision": 0.01,
                  "className": "SaturationNode",
                  "path": "options/context lines/color/sat",
                  "type": "VALUE"
                },
                {
                  "valueFloat": 0.49803921580314636,
                  "valueFloatPrecision": 0.01,
                  "className": "BrightnessNode",
                  "path": "options/context lines/color/br",
                  "type": "VALUE"
                },
                {
                  "valueFloat": 1.0,
                  "valueFloatPrecision": 0.01,
                  "className": "AlphaNode",
                  "path": "options/context lines/color/alpha",
                  "type": "VALUE"
                },
                {
                  "className": "ColorPickerHexNode",
                  "path": "options/context lines/color/hex",
                  "type": "VALUE"
                }
              ],
              "className": "ColorPickerFolderNode",
              "path": "options/context lines/color",
              "type": "FOLDER"
            },
            {
              "valueFloat": 1.2000000476837158,
              "valueFloatPrecision": 0.1,
              "className": "SliderNode",
              "path": "options/context lines/weight",
              "type": "VALUE"
            },
            {
              "valueFloat": 3.5,
              "valueFloatPrecision": 0.1,
              "className": "SliderNode",
              "path": "options/context lines/end size",
              "type": "VALUE"
            }
          ],
          "className": "FolderNode",
          "path": "options/context lines",
          "type": "FOLDER"
        },
        {
          "children": [
            {
              "valueBoolean": true,
              "className": "ToggleNode",
              "path": "options/hotkeys/h: hide\\/show gui",
              "type": "VALUE"
            },
            {
              "valueBoolean": true,
              "className": "ToggleNode",
              "path": "options/hotkeys/d: close windows",
              "type": "VALUE"
            },
            {
              "valueBoolean": true,
              "className": "ToggleNode",
              "path": "options/hotkeys/i: screenshot",
              "type": "VALUE"
            },
            {
              "valueBoolean": true,
              "className": "ToggleNode",
              "path": "options/hotkeys/ctrl + z: undo",
              "type": "VALUE"
            },
            {
              "valueBoolean": true,
              "className": "ToggleNode",
              "path": "options/hotkeys/ctrl + y: redo",
              "type": "VALUE"
            },
            {
              "valueBoolean": true,
              "className": "ToggleNode",
              "path": "options/hotkeys/ctrl + s: new save",
              "type": "VALUE"
            },
            {
              "valueBoolean": true,
              "className": "ToggleNode",
              "path": "options/hotkeys/mouse wheel",
              "type": "VALUE"
            },
            {
              "stringValue": "r: reset control element to default value\nctrl + c: copy from (single value or folder)\nctrl + v: paste to (single value or folder)\nthese hotkeys cannot be turned off for now",
              "className": "TextNode",
              "path": "options/hotkeys/mouseover specific hotkeys",
              "type": "VALUE"
            }
          ],
          "className": "FolderNode",
          "path": "options/hotkeys",
          "type": "FOLDER"
        },
        {
          "children": [
            {
              "valueFloat": 500.0,
              "valueFloatPrecision": 1.0,
              "className": "SliderIntNode",
              "path": "options/keyboard delay/delay (ms)",
              "type": "VALUE"
            },
            {
              "className": "ButtonNode",
              "path": "options/keyboard delay/read more",
              "type": "TRANSIENT"
            }
          ],
          "className": "FolderNode",
          "path": "options/keyboard delay",
          "type": "FOLDER"
        },
        {
          "children": [
            {
              "valueBoolean": true,
              "className": "ToggleNode",
              "path": "options/mouse/hide when dragged",
              "type": "VALUE"
            },
            {
              "valueBoolean": false,
              "className": "ToggleNode",
              "path": "options/mouse/confine to window",
              "type": "VALUE"
            }
          ],
          "className": "FolderNode",
          "path": "options/mouse",
          "type": "FOLDER"
        }
      ],
      "className": "FolderNode",
      "path": "options",
      "type": "FOLDER"
    },
    {
      "children": [
        {
          "className": "ButtonNode",
          "path": "saves/create new save",
          "type": "TRANSIENT"
        },
        {
          "className": "ButtonNode",
          "path": "saves/open save folder",
          "type": "TRANSIENT"
        },
        {
          "children": [
            {
              "valueBoolean": true,
              "className": "ToggleNode",
              "path": "saves/autosave rules/autosave enabled",
              "type": "VALUE"
            },
            {
              "valueBoolean": true,
              "className": "ToggleNode",
              "path": "saves/autosave rules/save guard",
              "type": "VALUE"
            },
            {
              "valueFloat": 1000.0,
              "valueFloatPrecision": 1.0,
              "className": "SliderIntNode",
              "path": "saves/autosave rules/save guard (ms)",
              "type": "VALUE"
            },
            {
              "valueBoolean": false,
              "className": "ToggleNode",
              "path": "saves/autosave rules/read more",
              "type": "VALUE"
            },
            {
              "stringValue": "- autosave triggers on graceful sketch exit\n- save guard blocks autosave in unresponsive sketches\n- unresponsive meaning it took longer than \n   \u0027save guard (ms)\u0027 to render the last frame",
              "className": "TextNode",
              "path": "saves/autosave rules/readme",
              "type": "VALUE"
            }
          ],
          "className": "FolderNode",
          "path": "saves/autosave rules",
          "type": "FOLDER"
        },
        {
          "className": "SaveItemNode",
          "path": "saves/auto",
          "type": "TRANSIENT"
        }
      ],
      "className": "SaveFolderNode",
      "path": "saves",
      "type": "FOLDER"
    },
    {
      "children": [
        {
          "valueBoolean": true,
          "className": "ToggleNode",
          "path": "electromagnets/em1",
          "type": "VALUE"
        },
        {
          "valueBoolean": false,
          "className": "ToggleNode",
          "path": "electromagnets/em2",
          "type": "VALUE"
        },
        {
          "valueBoolean": false,
          "className": "ToggleNode",
          "path": "electromagnets/em3",
          "type": "VALUE"
        },
        {
          "valueBoolean": false,
          "className": "ToggleNode",
          "path": "electromagnets/em4",
          "type": "VALUE"
        }
      ],
      "window": {},
      "className": "FolderNode",
      "path": "electromagnets",
      "type": "FOLDER"
    }
  ],
  "window": {},
  "className": "FolderNode",
  "path": "",
  "type": "FOLDER"
}